Indicator Code: CG0590,,,,,,,,,,,
Indicator Name: Noncommunicable diseases,,,,,,,,,,,
Export date: 1/1/2023 6:55:44 PM,,,,,,,,,,,
"Source location: ""WHO Mortality Database portal""",,,,,,,,,,,
"Indicator metadata: C00-C97, D00-D48, D55-D64 (minus D 64.9) D65-D89, E03-E07, E10-E34, E65-E88, F01-F99, G06-G98 (minus G14), H00-H61, H68-H93, I00-I99, J30-J98, K00-K92, L00-L98, M00-M99, N00-N64, N75-N98,  Q00-Q99,  R95, U07.0, X41, X42, X44, X45",,,,,,,,,,,
,,,,,,,,,,,
Region_Code,Region_Name,Country_Code,Country_Name,Year,Sex,Age group code,Age_Group,Number,Percentage_of_cause_specific_deaths_out_of_total_deaths,Age_standardized_death_rate_per_100_000_standard_population,Death_rate_per_100_000_population
EU,Europe,LUX,Luxembourg,1967,All,Age55_59,[55-59],248,86.71328671,,1142.857143
EU,Europe,LUX,Luxembourg,1967,All,Age60_64,[60-64],409,90.08810573,,2055.276382
EU,Europe,LUX,Luxembourg,1967,All,Age65_69,[65-69],505,90.33989267,,3098.159509
EU,Europe,LUX,Luxembourg,1967,All,Age70_74,[70-74],548,90.87893864,,4849.557522
EU,Europe,LUX,Luxembourg,1967,Male,Age55_59,[55-59],160,83.76963351,,1523.809524
EU,Europe,LUX,Luxembourg,1967,Male,Age60_64,[60-64],264,89.79591837,,2838.709677
EU,Europe,LUX,Luxembourg,1967,Male,Age65_69,[65-69],299,89.78978979,,4095.890411
EU,Europe,LUX,Luxembourg,1967,Male,Age70_74,[70-74],313,89.94252874,,6520.833333
EU,Europe,LUX,Luxembourg,1967,Female,Age55_59,[55-59],88,92.63157895,,785.7142857
EU,Europe,LUX,Luxembourg,1967,Female,Age60_64,[60-64],145,90.625,,1367.924528
EU,Europe,LUX,Luxembourg,1967,Female,Age65_69,[65-69],206,91.15044248,,2288.888889
EU,Europe,LUX,Luxembourg,1967,Female,Age70_74,[70-74],235,92.15686275,,3615.384615
EU,Europe,LUX,Luxembourg,1968,All,Age55_59,[55-59],246,87.23404255,,1149.53271
EU,Europe,LUX,Luxembourg,1968,All,Age60_64,[60-64],422,91.73913043,,2089.108911
EU,Europe,LUX,Luxembourg,1968,All,Age65_69,[65-69],516,93.81818182,,3108.433735
EU,Europe,LUX,Luxembourg,1968,All,Age70_74,[70-74],590,91.47286822,,5086.206897
EU,Europe,LUX,Luxembourg,1968,Male,Age55_59,[55-59],175,86.20689655,,1682.692308
EU,Europe,LUX,Luxembourg,1968,Male,Age60_64,[60-64],278,91.74917492,,2957.446809
EU,Europe,LUX,Luxembourg,1968,Male,Age65_69,[65-69],290,92.94871795,,3918.918919
EU,Europe,LUX,Luxembourg,1968,Male,Age70_74,[70-74],313,90.20172911,,6387.755102
EU,Europe,LUX,Luxembourg,1968,Female,Age55_59,[55-59],71,89.87341772,,645.4545455
EU,Europe,LUX,Luxembourg,1968,Female,Age60_64,[60-64],144,91.71974522,,1333.333333
EU,Europe,LUX,Luxembourg,1968,Female,Age65_69,[65-69],226,94.95798319,,2456.521739
EU,Europe,LUX,Luxembourg,1968,Female,Age70_74,[70-74],277,92.95302013,,4134.328358
EU,Europe,LUX,Luxembourg,1969,All,Age55_59,[55-59],247,89.81818182,,1159.624413
EU,Europe,LUX,Luxembourg,1969,All,Age60_64,[60-64],417,91.64835165,,2074.626866
EU,Europe,LUX,Luxembourg,1969,All,Age65_69,[65-69],514,91.78571429,,3041.420118
EU,Europe,LUX,Luxembourg,1969,All,Age70_74,[70-74],598,93.4375,,5025.210084
EU,Europe,LUX,Luxembourg,1969,Male,Age55_59,[55-59],162,87.56756757,,1572.815534
EU,Europe,LUX,Luxembourg,1969,Male,Age60_64,[60-64],282,91.85667752,,3032.258065
EU,Europe,LUX,Luxembourg,1969,Male,Age65_69,[65-69],310,91.71597633,,4078.947368
EU,Europe,LUX,Luxembourg,1969,Male,Age70_74,[70-74],329,93.20113314,,6714.285714
EU,Europe,LUX,Luxembourg,1969,Female,Age55_59,[55-59],85,94.44444444,,772.7272727
EU,Europe,LUX,Luxembourg,1969,Female,Age60_64,[60-64],135,91.21621622,,1250
EU,Europe,LUX,Luxembourg,1969,Female,Age65_69,[65-69],204,91.89189189,,2193.548387
EU,Europe,LUX,Luxembourg,1969,Female,Age70_74,[70-74],269,93.728223,,3842.857143
EU,Europe,LUX,Luxembourg,1970,All,Age55_59,[55-59],272,89.7689769,,1314.009662
EU,Europe,LUX,Luxembourg,1970,All,Age60_64,[60-64],365,93.83033419,,1815.920398
EU,Europe,LUX,Luxembourg,1970,All,Age65_69,[65-69],527,91.81184669,,3081.871345
EU,Europe,LUX,Luxembourg,1970,All,Age70_74,[70-74],573,91.38755981,,4658.536585
EU,Europe,LUX,Luxembourg,1970,Male,Age55_59,[55-59],181,87.43961353,,1828.282828
EU,Europe,LUX,Luxembourg,1970,Male,Age60_64,[60-64],228,92.68292683,,2425.531915
EU,Europe,LUX,Luxembourg,1970,Male,Age65_69,[65-69],297,92.23602484,,3907.894737
EU,Europe,LUX,Luxembourg,1970,Male,Age70_74,[70-74],329,90.1369863,,6450.980392
EU,Europe,LUX,Luxembourg,1970,Female,Age55_59,[55-59],91,94.79166667,,842.5925926
EU,Europe,LUX,Luxembourg,1970,Female,Age60_64,[60-64],137,95.8041958,,1280.373832
EU,Europe,LUX,Luxembourg,1970,Female,Age65_69,[65-69],230,91.26984127,,2421.052632
EU,Europe,LUX,Luxembourg,1970,Female,Age70_74,[70-74],244,93.12977099,,3388.888889
EU,Europe,LUX,Luxembourg,1971,All,Age55_59,[55-59],242,91.66666667,,1228.426396
EU,Europe,LUX,Luxembourg,1971,All,Age60_64,[60-64],394,90.16018307,,1979.899498
EU,Europe,LUX,Luxembourg,1971,All,Age65_69,[65-69],577,91.15323855,,3374.269006
EU,Europe,LUX,Luxembourg,1971,All,Age70_74,[70-74],646,93.21789322,,5046.875
EU,Europe,LUX,Luxembourg,1971,Male,Age55_59,[55-59],169,89.89361702,,1797.87234
EU,Europe,LUX,Luxembourg,1971,Male,Age60_64,[60-64],251,89.64285714,,2698.924731
EU,Europe,LUX,Luxembourg,1971,Male,Age65_69,[65-69],363,90.52369077,,4840
EU,Europe,LUX,Luxembourg,1971,Male,Age70_74,[70-74],347,91.55672823,,6425.925926
EU,Europe,LUX,Luxembourg,1971,Female,Age55_59,[55-59],73,96.05263158,,708.7378641
EU,Europe,LUX,Luxembourg,1971,Female,Age60_64,[60-64],143,91.08280255,,1349.056604
EU,Europe,LUX,Luxembourg,1971,Female,Age65_69,[65-69],214,92.24137931,,2229.166667
EU,Europe,LUX,Luxembourg,1971,Female,Age70_74,[70-74],299,95.22292994,,4040.540541
EU,Europe,LUX,Luxembourg,1972,All,Age55_59,[55-59],233,87.9245283,,1280.21978
EU,Europe,LUX,Luxembourg,1972,All,Age60_64,[60-64],365,91.47869674,,1843.434343
EU,Europe,LUX,Luxembourg,1972,All,Age65_69,[65-69],548,92.25589226,,3186.046512
EU,Europe,LUX,Luxembourg,1972,All,Age70_74,[70-74],620,92.26190476,,4696.969697
EU,Europe,LUX,Luxembourg,1972,Male,Age55_59,[55-59],162,88.04347826,,1862.068966
EU,Europe,LUX,Luxembourg,1972,Male,Age60_64,[60-64],244,93.48659004,,2652.173913
EU,Europe,LUX,Luxembourg,1972,Male,Age65_69,[65-69],330,91.66666667,,4342.105263
EU,Europe,LUX,Luxembourg,1972,Male,Age70_74,[70-74],343,91.46666667,,6236.363636
EU,Europe,LUX,Luxembourg,1972,Female,Age55_59,[55-59],71,87.65432099,,747.3684211
EU,Europe,LUX,Luxembourg,1972,Female,Age60_64,[60-64],121,87.68115942,,1141.509434
EU,Europe,LUX,Luxembourg,1972,Female,Age65_69,[65-69],218,93.16239316,,2270.833333
EU,Europe,LUX,Luxembourg,1972,Female,Age70_74,[70-74],277,93.26599327,,3597.402597
EU,Europe,LUX,Luxembourg,1973,All,Age55_59,[55-59],207,91.59292035,,1224.852071
EU,Europe,LUX,Luxembourg,1973,All,Age60_64,[60-64],405,92.04545455,,2076.923077
EU,Europe,LUX,Luxembourg,1973,All,Age65_69,[65-69],531,93.32161687,,3051.724138
EU,Europe,LUX,Luxembourg,1973,All,Age70_74,[70-74],628,92.62536873,,4686.567164
EU,Europe,LUX,Luxembourg,1973,Male,Age55_59,[55-59],139,92.05298013,,1716.049383
EU,Europe,LUX,Luxembourg,1973,Male,Age60_64,[60-64],279,91.47540984,,3100
EU,Europe,LUX,Luxembourg,1973,Male,Age65_69,[65-69],330,92.43697479,,4342.105263
EU,Europe,LUX,Luxembourg,1973,Male,Age70_74,[70-74],370,93.90862944,,6727.272727
EU,Europe,LUX,Luxembourg,1973,Female,Age55_59,[55-59],68,90.66666667,,772.7272727
EU,Europe,LUX,Luxembourg,1973,Female,Age60_64,[60-64],126,93.33333333,,1200
EU,Europe,LUX,Luxembourg,1973,Female,Age65_69,[65-69],201,94.81132075,,2051.020408
EU,Europe,LUX,Luxembourg,1973,Female,Age70_74,[70-74],258,90.84507042,,3265.822785
EU,Europe,LUX,Luxembourg,1974,All,Age55_59,[55-59],212,86.17886179,,1300.613497
EU,Europe,LUX,Luxembourg,1974,All,Age60_64,[60-64],356,90.35532995,,1825.641026
EU,Europe,LUX,Luxembourg,1974,All,Age65_69,[65-69],488,92.24952741,,2788.571429
EU,Europe,LUX,Luxembourg,1974,All,Age70_74,[70-74],685,91.4552737,,5036.764706
EU,Europe,LUX,Luxembourg,1974,Male,Age55_59,[55-59],125,81.16883117,,1602.564103
EU,Europe,LUX,Luxembourg,1974,Male,Age60_64,[60-64],220,88.70967742,,2444.444444
EU,Europe,LUX,Luxembourg,1974,Male,Age65_69,[65-69],293,93.01587302,,3805.194805
EU,Europe,LUX,Luxembourg,1974,Male,Age70_74,[70-74],379,93.12039312,,6767.857143
EU,Europe,LUX,Luxembourg,1974,Female,Age55_59,[55-59],87,94.56521739,,1023.529412
EU,Europe,LUX,Luxembourg,1974,Female,Age60_64,[60-64],136,93.15068493,,1295.238095
EU,Europe,LUX,Luxembourg,1974,Female,Age65_69,[65-69],195,91.12149533,,1989.795918
EU,Europe,LUX,Luxembourg,1974,Female,Age70_74,[70-74],306,89.47368421,,3825
EU,Europe,LUX,Luxembourg,1975,All,Age55_59,[55-59],174,87.43718593,,1054.545455
EU,Europe,LUX,Luxembourg,1975,All,Age60_64,[60-64],383,93.18734793,,2026.455027
EU,Europe,LUX,Luxembourg,1975,All,Age65_69,[65-69],522,91.25874126,,2982.857143
EU,Europe,LUX,Luxembourg,1975,All,Age70_74,[70-74],661,92.18967922,,4824.817518
EU,Europe,LUX,Luxembourg,1975,Male,Age55_59,[55-59],117,87.96992481,,1519.48052
EU,Europe,LUX,Luxembourg,1975,Male,Age60_64,[60-64],252,93.33333333,,2896.551724
EU,Europe,LUX,Luxembourg,1975,Male,Age65_69,[65-69],309,90.08746356,,4012.987013
EU,Europe,LUX,Luxembourg,1975,Male,Age70_74,[70-74],357,91.53846154,,6375
EU,Europe,LUX,Luxembourg,1975,Female,Age55_59,[55-59],57,86.36363636,,647.7272727
EU,Europe,LUX,Luxembourg,1975,Female,Age60_64,[60-64],131,92.90780142,,1284.313726
EU,Europe,LUX,Luxembourg,1975,Female,Age65_69,[65-69],213,93.01310044,,2173.469388
EU,Europe,LUX,Luxembourg,1975,Female,Age70_74,[70-74],304,92.96636086,,3753.08642
EU,Europe,LUX,Luxembourg,1976,All,Age55_59,[55-59],184,91.08910891,,1057.471264
EU,Europe,LUX,Luxembourg,1976,All,Age60_64,[60-64],333,90.98360656,,1860.335196
EU,Europe,LUX,Luxembourg,1976,All,Age65_69,[65-69],514,92.77978339,,2954.022989
EU,Europe,LUX,Luxembourg,1976,All,Age70_74,[70-74],670,90.54054054,,4890.510949
EU,Europe,LUX,Luxembourg,1976,Male,Age55_59,[55-59],125,91.24087591,,1562.5
EU,Europe,LUX,Luxembourg,1976,Male,Age60_64,[60-64],223,92.14876033,,2719.512195
EU,Europe,LUX,Luxembourg,1976,Male,Age65_69,[65-69],317,93.51032448,,4116.883117
EU,Europe,LUX,Luxembourg,1976,Male,Age70_74,[70-74],350,90.20618557,,6363.636364
EU,Europe,LUX,Luxembourg,1976,Female,Age55_59,[55-59],59,90.76923077,,627.6595745
EU,Europe,LUX,Luxembourg,1976,Female,Age60_64,[60-64],110,88.70967742,,1134.020619
EU,Europe,LUX,Luxembourg,1976,Female,Age65_69,[65-69],197,91.62790698,,2030.927835
EU,Europe,LUX,Luxembourg,1976,Female,Age70_74,[70-74],320,90.90909091,,3902.439024
EU,Europe,LUX,Luxembourg,1977,All,Age55_59,[55-59],172,89.58333333,,950.2762431
EU,Europe,LUX,Luxembourg,1977,All,Age60_64,[60-64],296,93.67088608,,1783.13253
EU,Europe,LUX,Luxembourg,1977,All,Age65_69,[65-69],456,91.38276553,,2620.689655
EU,Europe,LUX,Luxembourg,1977,All,Age70_74,[70-74],638,93.2748538,,4589.928058
EU,Europe,LUX,Luxembourg,1977,Male,Age55_59,[55-59],119,90.15151515,,1469.135803
EU,Europe,LUX,Luxembourg,1977,Male,Age60_64,[60-64],194,93.26923077,,2552.631579
EU,Europe,LUX,Luxembourg,1977,Male,Age65_69,[65-69],290,92.06349206,,3815.789474
EU,Europe,LUX,Luxembourg,1977,Male,Age70_74,[70-74],361,92.56410256,,6333.333333
EU,Europe,LUX,Luxembourg,1977,Female,Age55_59,[55-59],53,88.33333333,,530
EU,Europe,LUX,Luxembourg,1977,Female,Age60_64,[60-64],102,94.44444444,,1133.333333
EU,Europe,LUX,Luxembourg,1977,Female,Age65_69,[65-69],166,90.2173913,,1693.877551
EU,Europe,LUX,Luxembourg,1977,Female,Age70_74,[70-74],277,94.21768707,,3378.048781
EU,Europe,LUX,Luxembourg,1978,All,Age55_59,[55-59],203,90.625,,1140.449438
EU,Europe,LUX,Luxembourg,1978,All,Age60_64,[60-64],290,90.90909091,,1715.976331
EU,Europe,LUX,Luxembourg,1978,All,Age65_69,[65-69],450,89.64143426,,2601.156069
EU,Europe,LUX,Luxembourg,1978,All,Age70_74,[70-74],612,91.47982063,,4371.428571
EU,Europe,LUX,Luxembourg,1978,Male,Age55_59,[55-59],128,89.51048951,,1580.246914
EU,Europe,LUX,Luxembourg,1978,Male,Age60_64,[60-64],196,90.74074074,,2512.820513
EU,Europe,LUX,Luxembourg,1978,Male,Age65_69,[65-69],280,89.74358974,,3636.363636
EU,Europe,LUX,Luxembourg,1978,Male,Age70_74,[70-74],359,91.34860051,,6189.655172
EU,Europe,LUX,Luxembourg,1978,Female,Age55_59,[55-59],75,92.59259259,,773.1958763
EU,Europe,LUX,Luxembourg,1978,Female,Age60_64,[60-64],94,91.26213592,,1032.967033
EU,Europe,LUX,Luxembourg,1978,Female,Age65_69,[65-69],170,89.47368421,,1770.833333
EU,Europe,LUX,Luxembourg,1978,Female,Age70_74,[70-74],253,91.66666667,,3085.365854
EU,Europe,LUX,Luxembourg,1979,All,Age55_59,[55-59],208,92.85714286,,1089.005236
EU,Europe,LUX,Luxembourg,1979,All,Age60_64,[60-64],250,89.60573477,,1582.278481
EU,Europe,LUX,Luxembourg,1979,All,Age65_69,[65-69],450,94.33962264,,2601.156069
EU,Europe,LUX,Luxembourg,1979,All,Age70_74,[70-74],610,92.70516717,,4265.734266
EU,Europe,LUX,Luxembourg,1979,Male,Age55_59,[55-59],141,91.55844156,,1658.823529
EU,Europe,LUX,Luxembourg,1979,Male,Age60_64,[60-64],149,87.64705882,,2041.09589
EU,Europe,LUX,Luxembourg,1979,Male,Age65_69,[65-69],276,94.52054795,,3631.578947
EU,Europe,LUX,Luxembourg,1979,Male,Age70_74,[70-74],357,91.07142857,,6050.847458
EU,Europe,LUX,Luxembourg,1979,Female,Age55_59,[55-59],67,95.71428571,,632.0754717
EU,Europe,LUX,Luxembourg,1979,Female,Age60_64,[60-64],101,92.66055046,,1188.235294
EU,Europe,LUX,Luxembourg,1979,Female,Age65_69,[65-69],174,94.05405405,,1793.814433
EU,Europe,LUX,Luxembourg,1979,Female,Age70_74,[70-74],253,95.11278195,,3011.904762
EU,Europe,LUX,Luxembourg,1980,All,Age55_59,[55-59],181,90.5,,914.1414141
EU,Europe,LUX,Luxembourg,1980,All,Age60_64,[60-64],246,90.77490775,,1662.162162
EU,Europe,LUX,Luxembourg,1980,All,Age65_69,[65-69],412,91.35254989,,2409.356725
EU,Europe,LUX,Luxembourg,1980,All,Age70_74,[70-74],616,92.07772795,,4248.275862
EU,Europe,LUX,Luxembourg,1980,Male,Age55_59,[55-59],109,89.3442623,,1252.873563
EU,Europe,LUX,Luxembourg,1980,Male,Age60_64,[60-64],142,88.75,,2088.235294
EU,Europe,LUX,Luxembourg,1980,Male,Age65_69,[65-69],272,92.5170068,,3626.666667
EU,Europe,LUX,Luxembourg,1980,Male,Age70_74,[70-74],333,91.48351648,,5550
EU,Europe,LUX,Luxembourg,1980,Female,Age55_59,[55-59],72,92.30769231,,648.6486487
EU,Europe,LUX,Luxembourg,1980,Female,Age60_64,[60-64],104,93.69369369,,1300
EU,Europe,LUX,Luxembourg,1980,Female,Age65_69,[65-69],140,89.17197452,,1458.333333
EU,Europe,LUX,Luxembourg,1980,Female,Age70_74,[70-74],283,92.78688525,,3329.411765
EU,Europe,LUX,Luxembourg,1981,All,Age55_59,[55-59],187,90.33816425,,939.6984925
EU,Europe,LUX,Luxembourg,1981,All,Age60_64,[60-64],244,92.7756654,,1584.415584
EU,Europe,LUX,Luxembourg,1981,All,Age65_69,[65-69],427,94.26048565,,2587.878788
EU,Europe,LUX,Luxembourg,1981,All,Age70_74,[70-74],553,93.57021997,,3787.671233
EU,Europe,LUX,Luxembourg,1981,Male,Age55_59,[55-59],119,91.53846154,,1352.272727
EU,Europe,LUX,Luxembourg,1981,Male,Age60_64,[60-64],152,89.9408284,,2171.428571
EU,Europe,LUX,Luxembourg,1981,Male,Age65_69,[65-69],261,93.5483871,,3676.056338
EU,Europe,LUX,Luxembourg,1981,Male,Age70_74,[70-74],329,93.73219373,,5483.333333
EU,Europe,LUX,Luxembourg,1981,Female,Age55_59,[55-59],68,88.31168831,,612.6126126
EU,Europe,LUX,Luxembourg,1981,Female,Age60_64,[60-64],92,97.87234043,,1095.238095
EU,Europe,LUX,Luxembourg,1981,Female,Age65_69,[65-69],166,95.40229885,,1765.957447
EU,Europe,LUX,Luxembourg,1981,Female,Age70_74,[70-74],224,93.33333333,,2604.651163
EU,Europe,LUX,Luxembourg,1982,All,Age55_59,[55-59],229,89.453125,,1122.54902
EU,Europe,LUX,Luxembourg,1982,All,Age60_64,[60-64],268,93.05555556,,1654.320988
EU,Europe,LUX,Luxembourg,1982,All,Age65_69,[65-69],380,93.36609337,,2420.382166
EU,Europe,LUX,Luxembourg,1982,All,Age70_74,[70-74],581,93.55877617,,3952.380952
EU,Europe,LUX,Luxembourg,1982,Male,Age55_59,[55-59],148,88.0952381,,1608.695652
EU,Europe,LUX,Luxembourg,1982,Male,Age60_64,[60-64],179,92.26804124,,2521.126761
EU,Europe,LUX,Luxembourg,1982,Male,Age65_69,[65-69],221,92.46861925,,3250
EU,Europe,LUX,Luxembourg,1982,Male,Age70_74,[70-74],328,93.44729345,,5466.666667
EU,Europe,LUX,Luxembourg,1982,Female,Age55_59,[55-59],81,92.04545455,,723.2142857
EU,Europe,LUX,Luxembourg,1982,Female,Age60_64,[60-64],89,94.68085106,,978.021978
EU,Europe,LUX,Luxembourg,1982,Female,Age65_69,[65-69],159,94.64285714,,1786.516854
EU,Europe,LUX,Luxembourg,1982,Female,Age70_74,[70-74],253,93.7037037,,2908.045977
EU,Europe,LUX,Luxembourg,1983,All,Age55_59,[55-59],171,87.24489796,,810.4265403
EU,Europe,LUX,Luxembourg,1983,All,Age60_64,[60-64],257,90.1754386,,1548.192771
EU,Europe,LUX,Luxembourg,1983,All,Age65_69,[65-69],347,93.5309973,,2328.85906
EU,Europe,LUX,Luxembourg,1983,All,Age70_74,[70-74],578,93.22580645,,3958.90411
EU,Europe,LUX,Luxembourg,1983,Male,Age55_59,[55-59],111,86.71875,,1144.329897
EU,Europe,LUX,Luxembourg,1983,Male,Age60_64,[60-64],152,87.86127168,,2140.84507
EU,Europe,LUX,Luxembourg,1983,Male,Age65_69,[65-69],219,93.99141631,,3369.230769
EU,Europe,LUX,Luxembourg,1983,Male,Age70_74,[70-74],333,93.8028169,,5644.067797
EU,Europe,LUX,Luxembourg,1983,Female,Age55_59,[55-59],60,88.23529412,,526.3157895
EU,Europe,LUX,Luxembourg,1983,Female,Age60_64,[60-64],105,93.75,,1105.263158
EU,Europe,LUX,Luxembourg,1983,Female,Age65_69,[65-69],128,92.75362319,,1523.809524
EU,Europe,LUX,Luxembourg,1983,Female,Age70_74,[70-74],245,92.45283019,,2816.091954
EU,Europe,LUX,Luxembourg,1984,All,Age55_59,[55-59],221,92.08333333,,1013.761468
EU,Europe,LUX,Luxembourg,1984,All,Age60_64,[60-64],260,92.52669039,,1468.926554
EU,Europe,LUX,Luxembourg,1984,All,Age65_69,[65-69],328,94.52449568,,2376.811594
EU,Europe,LUX,Luxembourg,1984,All,Age70_74,[70-74],546,91.91919192,,3739.726027
EU,Europe,LUX,Luxembourg,1984,Male,Age55_59,[55-59],146,91.82389937,,1417.475728
EU,Europe,LUX,Luxembourg,1984,Male,Age60_64,[60-64],159,90.34090909,,2120
EU,Europe,LUX,Luxembourg,1984,Male,Age65_69,[65-69],198,94.73684211,,3300
EU,Europe,LUX,Luxembourg,1984,Male,Age70_74,[70-74],303,90.71856287,,5135.59322
EU,Europe,LUX,Luxembourg,1984,Female,Age55_59,[55-59],75,92.59259259,,652.173913
EU,Europe,LUX,Luxembourg,1984,Female,Age60_64,[60-64],101,96.19047619,,990.1960784
EU,Europe,LUX,Luxembourg,1984,Female,Age65_69,[65-69],130,94.20289855,,1666.666667
EU,Europe,LUX,Luxembourg,1984,Female,Age70_74,[70-74],243,93.46153846,,2793.103448
EU,Europe,LUX,Luxembourg,1985,All,Age55_59,[55-59],214,88.06584362,,946.9026549
EU,Europe,LUX,Luxembourg,1985,All,Age60_64,[60-64],251,90.28776978,,1386.740332
EU,Europe,LUX,Luxembourg,1985,All,Age65_69,[65-69],328,94.52449568,,2484.848485
EU,Europe,LUX,Luxembourg,1985,All,Age70_74,[70-74],562,93.04635762,,3849.315069
EU,Europe,LUX,Luxembourg,1985,Male,Age55_59,[55-59],134,84.81012658,,1218.181818
EU,Europe,LUX,Luxembourg,1985,Male,Age60_64,[60-64],153,90.53254438,,2040
EU,Europe,LUX,Luxembourg,1985,Male,Age65_69,[65-69],205,95.34883721,,3534.482759
EU,Europe,LUX,Luxembourg,1985,Male,Age70_74,[70-74],296,91.07692308,,5016.949153
EU,Europe,LUX,Luxembourg,1985,Female,Age55_59,[55-59],80,94.11764706,,689.6551724
EU,Europe,LUX,Luxembourg,1985,Female,Age60_64,[60-64],98,89.90825688,,924.5283019
EU,Europe,LUX,Luxembourg,1985,Female,Age65_69,[65-69],123,93.18181818,,1662.162162
EU,Europe,LUX,Luxembourg,1985,Female,Age70_74,[70-74],266,95.34050179,,3057.471264
EU,Europe,LUX,Luxembourg,1986,All,Age55_59,[55-59],200,89.68609865,,858.3690987
EU,Europe,LUX,Luxembourg,1986,All,Age60_64,[60-64],232,89.92248062,,1274.725275
EU,Europe,LUX,Luxembourg,1986,All,Age65_69,[65-69],300,89.02077151,,2205.882353
EU,Europe,LUX,Luxembourg,1986,All,Age70_74,[70-74],502,93.13543599,,3510.489511
EU,Europe,LUX,Luxembourg,1986,Male,Age55_59,[55-59],145,90.625,,1260.869565
EU,Europe,LUX,Luxembourg,1986,Male,Age60_64,[60-64],153,88.43930636,,1987.012987
EU,Europe,LUX,Luxembourg,1986,Male,Age65_69,[65-69],186,89.85507246,,3206.896552
EU,Europe,LUX,Luxembourg,1986,Male,Age70_74,[70-74],291,93.56913183,,5017.241379
EU,Europe,LUX,Luxembourg,1986,Female,Age55_59,[55-59],55,87.3015873,,466.1016949
EU,Europe,LUX,Luxembourg,1986,Female,Age60_64,[60-64],79,92.94117647,,752.3809524
EU,Europe,LUX,Luxembourg,1986,Female,Age65_69,[65-69],114,87.69230769,,1461.538462
EU,Europe,LUX,Luxembourg,1986,Female,Age70_74,[70-74],211,92.54385965,,2482.352941
EU,Europe,LUX,Luxembourg,1987,All,Age55_59,[55-59],215,88.1147541,,914.893617
EU,Europe,LUX,Luxembourg,1987,All,Age60_64,[60-64],260,95.23809524,,1354.166667
EU,Europe,LUX,Luxembourg,1987,All,Age65_69,[65-69],286,92.5566343,,1958.90411
EU,Europe,LUX,Luxembourg,1987,All,Age70_74,[70-74],486,95.10763209,,3681.818182
EU,Europe,LUX,Luxembourg,1987,Male,Age55_59,[55-59],156,90.69767442,,1333.333333
EU,Europe,LUX,Luxembourg,1987,Male,Age60_64,[60-64],168,95.45454545,,2000
EU,Europe,LUX,Luxembourg,1987,Male,Age65_69,[65-69],181,92.34693878,,3016.666667
EU,Europe,LUX,Luxembourg,1987,Male,Age70_74,[70-74],269,96.07142857,,4981.481482
EU,Europe,LUX,Luxembourg,1987,Female,Age55_59,[55-59],59,81.94444444,,500
EU,Europe,LUX,Luxembourg,1987,Female,Age60_64,[60-64],92,94.84536082,,851.8518519
EU,Europe,LUX,Luxembourg,1987,Female,Age65_69,[65-69],105,92.92035398,,1220.930233
EU,Europe,LUX,Luxembourg,1987,Female,Age70_74,[70-74],217,93.93939394,,2782.051282
EU,Europe,LUX,Luxembourg,1988,All,Age55_59,[55-59],198,90,,857.1428571
EU,Europe,LUX,Luxembourg,1988,All,Age60_64,[60-64],255,93.75,,1281.407035
EU,Europe,LUX,Luxembourg,1988,All,Age65_69,[65-69],318,90.85714286,,2064.935065
EU,Europe,LUX,Luxembourg,1988,All,Age70_74,[70-74],431,92.48927039,,3504.065041
EU,Europe,LUX,Luxembourg,1988,Male,Age55_59,[55-59],139,89.67741935,,1208.695652
EU,Europe,LUX,Luxembourg,1988,Male,Age60_64,[60-64],154,95.0617284,,1711.111111
EU,Europe,LUX,Luxembourg,1988,Male,Age65_69,[65-69],200,93.45794393,,3225.806452
EU,Europe,LUX,Luxembourg,1988,Male,Age70_74,[70-74],253,93.01470588,,5060
EU,Europe,LUX,Luxembourg,1988,Female,Age55_59,[55-59],59,90.76923077,,508.6206897
EU,Europe,LUX,Luxembourg,1988,Female,Age60_64,[60-64],101,91.81818182,,926.6055046
EU,Europe,LUX,Luxembourg,1988,Female,Age65_69,[65-69],118,86.76470588,,1282.608696
EU,Europe,LUX,Luxembourg,1988,Female,Age70_74,[70-74],178,91.75257732,,2438.356164
EU,Europe,LUX,Luxembourg,1989,All,Age55_59,[55-59],182,86.66666667,,805.3097345
EU,Europe,LUX,Luxembourg,1989,All,Age60_64,[60-64],269,89.96655518,,1305.825243
EU,Europe,LUX,Luxembourg,1989,All,Age65_69,[65-69],353,91.4507772,,2179.012346
EU,Europe,LUX,Luxembourg,1989,All,Age70_74,[70-74],381,92.02898551,,3256.410256
EU,Europe,LUX,Luxembourg,1989,Male,Age55_59,[55-59],121,85.81560284,,1080.357143
EU,Europe,LUX,Luxembourg,1989,Male,Age60_64,[60-64],168,87.5,,1750
EU,Europe,LUX,Luxembourg,1989,Male,Age65_69,[65-69],206,91.96428571,,3218.75
EU,Europe,LUX,Luxembourg,1989,Male,Age70_74,[70-74],212,91.37931034,,4416.666667
EU,Europe,LUX,Luxembourg,1989,Female,Age55_59,[55-59],61,88.4057971,,535.0877193
EU,Europe,LUX,Luxembourg,1989,Female,Age60_64,[60-64],101,94.39252336,,918.1818182
EU,Europe,LUX,Luxembourg,1989,Female,Age65_69,[65-69],147,90.74074074,,1500
EU,Europe,LUX,Luxembourg,1989,Female,Age70_74,[70-74],169,92.85714286,,2449.275362
EU,Europe,LUX,Luxembourg,1990,All,Age55_59,[55-59],164,89.61748634,,742.081448
EU,Europe,LUX,Luxembourg,1990,All,Age60_64,[60-64],259,91.51943463,,1210.280374
EU,Europe,LUX,Luxembourg,1990,All,Age65_69,[65-69],338,92.09809264,,2048.484849
EU,Europe,LUX,Luxembourg,1990,All,Age70_74,[70-74],384,93.2038835,,3310.344828
EU,Europe,LUX,Luxembourg,1990,Male,Age55_59,[55-59],99,87.61061947,,908.2568807
EU,Europe,LUX,Luxembourg,1990,Male,Age60_64,[60-64],171,90.47619048,,1676.470588
EU,Europe,LUX,Luxembourg,1990,Male,Age65_69,[65-69],190,90.90909091,,2878.787879
EU,Europe,LUX,Luxembourg,1990,Male,Age70_74,[70-74],226,94.16666667,,4808.510638
EU,Europe,LUX,Luxembourg,1990,Female,Age55_59,[55-59],65,92.85714286,,580.3571429
EU,Europe,LUX,Luxembourg,1990,Female,Age60_64,[60-64],88,93.61702128,,785.7142857
EU,Europe,LUX,Luxembourg,1990,Female,Age65_69,[65-69],148,93.67088608,,1494.949495
EU,Europe,LUX,Luxembourg,1990,Female,Age70_74,[70-74],158,91.86046512,,2289.855073
EU,Europe,LUX,Luxembourg,1991,All,Age55_59,[55-59],160,86.48648649,,740.7407407
EU,Europe,LUX,Luxembourg,1991,All,Age60_64,[60-64],243,90.33457249,,1109.589041
EU,Europe,LUX,Luxembourg,1991,All,Age65_69,[65-69],294,92.7444795,,1750
EU,Europe,LUX,Luxembourg,1991,All,Age70_74,[70-74],369,91.79104478,,3049.586777
EU,Europe,LUX,Luxembourg,1991,Male,Age55_59,[55-59],110,87.3015873,,1028.037383
EU,Europe,LUX,Luxembourg,1991,Male,Age60_64,[60-64],157,91.27906977,,1481.132076
EU,Europe,LUX,Luxembourg,1991,Male,Age65_69,[65-69],176,92.14659686,,2588.235294
EU,Europe,LUX,Luxembourg,1991,Male,Age70_74,[70-74],215,92.27467811,,4479.166667
EU,Europe,LUX,Luxembourg,1991,Female,Age55_59,[55-59],50,84.74576271,,458.7155963
EU,Europe,LUX,Luxembourg,1991,Female,Age60_64,[60-64],86,88.65979381,,761.0619469
EU,Europe,LUX,Luxembourg,1991,Female,Age65_69,[65-69],118,93.65079365,,1180
EU,Europe,LUX,Luxembourg,1991,Female,Age70_74,[70-74],154,91.12426036,,2109.589041
EU,Europe,LUX,Luxembourg,1992,All,Age55_59,[55-59],140,86.41975309,,654.2056075
EU,Europe,LUX,Luxembourg,1992,All,Age60_64,[60-64],269,90.57239057,,1228.310502
EU,Europe,LUX,Luxembourg,1992,All,Age65_69,[65-69],323,92.28571429,,1845.714286
EU,Europe,LUX,Luxembourg,1992,All,Age70_74,[70-74],378,94.26433915,,2976.377953
EU,Europe,LUX,Luxembourg,1992,Male,Age55_59,[55-59],105,88.98305085,,990.5660377
EU,Europe,LUX,Luxembourg,1992,Male,Age60_64,[60-64],167,92.26519337,,1575.471698
EU,Europe,LUX,Luxembourg,1992,Male,Age65_69,[65-69],201,93.92523364,,2753.424658
EU,Europe,LUX,Luxembourg,1992,Male,Age70_74,[70-74],213,94.24778761,,4346.938776
EU,Europe,LUX,Luxembourg,1992,Female,Age55_59,[55-59],35,79.54545455,,324.0740741
EU,Europe,LUX,Luxembourg,1992,Female,Age60_64,[60-64],102,87.93103448,,902.6548673
EU,Europe,LUX,Luxembourg,1992,Female,Age65_69,[65-69],122,89.70588235,,1196.078431
EU,Europe,LUX,Luxembourg,1992,Female,Age70_74,[70-74],165,94.28571429,,2115.384615
EU,Europe,LUX,Luxembourg,1993,All,Age55_59,[55-59],150,89.28571429,,694.4444444
EU,Europe,LUX,Luxembourg,1993,All,Age60_64,[60-64],253,94.05204461,,1165.898618
EU,Europe,LUX,Luxembourg,1993,All,Age65_69,[65-69],347,95.32967033,,1906.593407
EU,Europe,LUX,Luxembourg,1993,All,Age70_74,[70-74],410,91.92825112,,3037.037037
EU,Europe,LUX,Luxembourg,1993,Male,Age55_59,[55-59],90,89.10891089,,841.1214953
EU,Europe,LUX,Luxembourg,1993,Male,Age60_64,[60-64],180,94.2408377,,1714.285714
EU,Europe,LUX,Luxembourg,1993,Male,Age65_69,[65-69],209,96.31336406,,2645.56962
EU,Europe,LUX,Luxembourg,1993,Male,Age70_74,[70-74],242,93.79844961,,4745.098039
EU,Europe,LUX,Luxembourg,1993,Female,Age55_59,[55-59],60,89.55223881,,550.4587156
EU,Europe,LUX,Luxembourg,1993,Female,Age60_64,[60-64],73,93.58974359,,651.7857143
EU,Europe,LUX,Luxembourg,1993,Female,Age65_69,[65-69],138,93.87755102,,1339.805825
EU,Europe,LUX,Luxembourg,1993,Female,Age70_74,[70-74],168,89.36170213,,2000
EU,Europe,LUX,Luxembourg,1994,All,Age55_59,[55-59],138,84.66257669,,630.1369863
EU,Europe,LUX,Luxembourg,1994,All,Age60_64,[60-64],205,91.11111111,,962.4413146
EU,Europe,LUX,Luxembourg,1994,All,Age65_69,[65-69],317,91.88405797,,1677.248677
EU,Europe,LUX,Luxembourg,1994,All,Age70_74,[70-74],423,93.37748344,,2978.873239
EU,Europe,LUX,Luxembourg,1994,Male,Age55_59,[55-59],92,84.40366972,,844.0366973
EU,Europe,LUX,Luxembourg,1994,Male,Age60_64,[60-64],131,92.25352113,,1271.84466
EU,Europe,LUX,Luxembourg,1994,Male,Age65_69,[65-69],198,89.59276018,,2329.411765
EU,Europe,LUX,Luxembourg,1994,Male,Age70_74,[70-74],239,91.92307692,,4509.433962
EU,Europe,LUX,Luxembourg,1994,Female,Age55_59,[55-59],46,85.18518519,,418.1818182
EU,Europe,LUX,Luxembourg,1994,Female,Age60_64,[60-64],74,89.15662651,,672.7272727
EU,Europe,LUX,Luxembourg,1994,Female,Age65_69,[65-69],119,95.96774194,,1144.230769
EU,Europe,LUX,Luxembourg,1994,Female,Age70_74,[70-74],184,95.33678756,,2067.41573
EU,Europe,LUX,Luxembourg,1995,All,Age55_59,[55-59],152,91.56626506,,684.6846847
EU,Europe,LUX,Luxembourg,1995,All,Age60_64,[60-64],233,92.46031746,,1120.192308
EU,Europe,LUX,Luxembourg,1995,All,Age65_69,[65-69],365,92.87531807,,1852.791878
EU,Europe,LUX,Luxembourg,1995,All,Age70_74,[70-74],382,92.2705314,,2634.482759
EU,Europe,LUX,Luxembourg,1995,Male,Age55_59,[55-59],117,91.40625,,1063.636364
EU,Europe,LUX,Luxembourg,1995,Male,Age60_64,[60-64],149,93.71069182,,1490
EU,Europe,LUX,Luxembourg,1995,Male,Age65_69,[65-69],241,93.05019305,,2648.351648
EU,Europe,LUX,Luxembourg,1995,Male,Age70_74,[70-74],198,92.52336449,,3666.666667
EU,Europe,LUX,Luxembourg,1995,Female,Age55_59,[55-59],35,92.10526316,,312.5
EU,Europe,LUX,Luxembourg,1995,Female,Age60_64,[60-64],84,90.32258065,,777.7777778
EU,Europe,LUX,Luxembourg,1995,Female,Age65_69,[65-69],124,92.53731343,,1169.811321
EU,Europe,LUX,Luxembourg,1995,Female,Age70_74,[70-74],184,92,,2021.978022
EU,Europe,LUX,Luxembourg,1996,All,Age55_59,[55-59],159,88.33333333,,713.0044843
EU,Europe,LUX,Luxembourg,1996,All,Age60_64,[60-64],247,89.49275362,,1210.784314
EU,Europe,LUX,Luxembourg,1996,All,Age65_69,[65-69],370,94.1475827,,1831.683168
EU,Europe,LUX,Luxembourg,1996,All,Age70_74,[70-74],377,93.78109453,,2530.201342
EU,Europe,LUX,Luxembourg,1996,Male,Age55_59,[55-59],109,86.50793651,,981.981982
EU,Europe,LUX,Luxembourg,1996,Male,Age60_64,[60-64],175,87.93969849,,1785.714286
EU,Europe,LUX,Luxembourg,1996,Male,Age65_69,[65-69],237,92.578125,,2521.276596
EU,Europe,LUX,Luxembourg,1996,Male,Age70_74,[70-74],208,93.69369369,,3649.122807
EU,Europe,LUX,Luxembourg,1996,Female,Age55_59,[55-59],50,92.59259259,,446.4285714
EU,Europe,LUX,Luxembourg,1996,Female,Age60_64,[60-64],72,93.50649351,,679.245283
EU,Europe,LUX,Luxembourg,1996,Female,Age65_69,[65-69],133,97.08029197,,1231.481482
EU,Europe,LUX,Luxembourg,1996,Female,Age70_74,[70-74],169,93.88888889,,1836.956522
EU,Europe,LUX,Luxembourg,1997,All,Age55_59,[55-59],136,86.07594937,,607.1428571
EU,Europe,LUX,Luxembourg,1997,All,Age60_64,[60-64],223,91.02040816,,1098.522168
EU,Europe,LUX,Luxembourg,1997,All,Age65_69,[65-69],340,94.18282548,,1674.876847
EU,Europe,LUX,Luxembourg,1997,All,Age70_74,[70-74],433,93.92624729,,2793.548387
EU,Europe,LUX,Luxembourg,1997,Male,Age55_59,[55-59],83,86.45833333,,747.7477478
EU,Europe,LUX,Luxembourg,1997,Male,Age60_64,[60-64],137,91.33333333,,1397.959184
EU,Europe,LUX,Luxembourg,1997,Male,Age65_69,[65-69],218,93.56223176,,2294.736842
EU,Europe,LUX,Luxembourg,1997,Male,Age70_74,[70-74],243,92.7480916,,3983.606557
EU,Europe,LUX,Luxembourg,1997,Female,Age55_59,[55-59],53,85.48387097,,469.0265487
EU,Europe,LUX,Luxembourg,1997,Female,Age60_64,[60-64],86,90.52631579,,819.0476191
EU,Europe,LUX,Luxembourg,1997,Female,Age65_69,[65-69],122,95.3125,,1129.62963
EU,Europe,LUX,Luxembourg,1997,Female,Age70_74,[70-74],190,95.47738693,,2021.276596
EU,Europe,LUX,Luxembourg,1998,All,Age55_59,[55-59],138,89.03225806,,606.0606061
EU,Europe,LUX,Luxembourg,1998,All,Age60_64,[60-64],225,93.75,,1100.459748
EU,Europe,LUX,Luxembourg,1998,All,Age65_69,[65-69],318,90.85714286,,1584.217606
EU,Europe,LUX,Luxembourg,1998,All,Age70_74,[70-74],415,93.46846847,,2570.296049
EU,Europe,LUX,Luxembourg,1998,Male,Age55_59,[55-59],96,87.27272727,,845.5169984
EU,Europe,LUX,Luxembourg,1998,Male,Age60_64,[60-64],150,93.75,,1516.83689
EU,Europe,LUX,Luxembourg,1998,Male,Age65_69,[65-69],203,89.82300885,,2154.074703
EU,Europe,LUX,Luxembourg,1998,Male,Age70_74,[70-74],223,92.14876033,,3369.088986
EU,Europe,LUX,Luxembourg,1998,Female,Age55_59,[55-59],42,93.33333333,,367.9046952
EU,Europe,LUX,Luxembourg,1998,Female,Age60_64,[60-64],75,93.75,,710.4290992
EU,Europe,LUX,Luxembourg,1998,Female,Age65_69,[65-69],115,92.74193548,,1079.913607
EU,Europe,LUX,Luxembourg,1998,Female,Age70_74,[70-74],192,95.04950495,,2015.324866
EU,Europe,LUX,Luxembourg,1999,All,Age55_59,[55-59],123,88.48920863,,535.7142857
EU,Europe,LUX,Luxembourg,1999,All,Age60_64,[60-64],175,88.83248731,,841.9533317
EU,Europe,LUX,Luxembourg,1999,All,Age65_69,[65-69],305,89.97050147,,1546.182703
EU,Europe,LUX,Luxembourg,1999,All,Age70_74,[70-74],443,94.0552017,,2632.517233
EU,Europe,LUX,Luxembourg,1999,Male,Age55_59,[55-59],83,90.2173913,,719.299766
EU,Europe,LUX,Luxembourg,1999,Male,Age60_64,[60-64],117,87.31343284,,1163.021869
EU,Europe,LUX,Luxembourg,1999,Male,Age65_69,[65-69],189,88.31775701,,2047.448814
EU,Europe,LUX,Luxembourg,1999,Male,Age70_74,[70-74],272,93.79310345,,3797.821838
EU,Europe,LUX,Luxembourg,1999,Female,Age55_59,[55-59],40,85.10638298,,350.2320287
EU,Europe,LUX,Luxembourg,1999,Female,Age60_64,[60-64],58,92.06349206,,540.7925408
EU,Europe,LUX,Luxembourg,1999,Female,Age65_69,[65-69],116,92.8,,1105.288233
EU,Europe,LUX,Luxembourg,1999,Female,Age70_74,[70-74],171,94.47513812,,1769.087523
EU,Europe,LUX,Luxembourg,2000,All,Age55_59,[55-59],137,84.56790123,,596.7938665
EU,Europe,LUX,Luxembourg,2000,All,Age60_64,[60-64],195,89.44954128,,921.1147851
EU,Europe,LUX,Luxembourg,2000,All,Age65_69,[65-69],283,91.58576052,,1463.51554
EU,Europe,LUX,Luxembourg,2000,All,Age70_74,[70-74],437,93.77682403,,2491.306083
EU,Europe,LUX,Luxembourg,2000,Male,Age55_59,[55-59],80,82.4742268,,690.1906652
EU,Europe,LUX,Luxembourg,2000,Male,Age60_64,[60-64],135,88.81578947,,1310.170808
EU,Europe,LUX,Luxembourg,2000,Male,Age65_69,[65-69],193,91.9047619,,2142.064373
EU,Europe,LUX,Luxembourg,2000,Male,Age70_74,[70-74],261,95.25547445,,3394.901145
EU,Europe,LUX,Luxembourg,2000,Female,Age55_59,[55-59],57,87.69230769,,501.5398152
EU,Europe,LUX,Luxembourg,2000,Female,Age60_64,[60-64],60,90.90909091,,552.1811154
EU,Europe,LUX,Luxembourg,2000,Female,Age65_69,[65-69],90,90.90909091,,871.5018883
EU,Europe,LUX,Luxembourg,2000,Female,Age70_74,[70-74],176,91.66666667,,1786.257993
EU,Europe,LUX,Luxembourg,2001,All,Age55_59,[55-59],130,86.09271523,,568.0080395
EU,Europe,LUX,Luxembourg,2001,All,Age60_64,[60-64],180,86.95652174,,878.477306
EU,Europe,LUX,Luxembourg,2001,All,Age65_69,[65-69],284,91.31832797,,1539.629188
EU,Europe,LUX,Luxembourg,2001,All,Age70_74,[70-74],408,90.86859688,,2301.57387
EU,Europe,LUX,Luxembourg,2001,Male,Age55_59,[55-59],79,84.04255319,,677.1815532
EU,Europe,LUX,Luxembourg,2001,Male,Age60_64,[60-64],123,88.48920863,,1236.802413
EU,Europe,LUX,Luxembourg,2001,Male,Age65_69,[65-69],180,90.45226131,,2076.603599
EU,Europe,LUX,Luxembourg,2001,Male,Age70_74,[70-74],236,90.42145594,,2971.917895
EU,Europe,LUX,Luxembourg,2001,Female,Age55_59,[55-59],51,89.47368421,,454.5049461
EU,Europe,LUX,Luxembourg,2001,Female,Age60_64,[60-64],57,83.82352941,,540.5405405
EU,Europe,LUX,Luxembourg,2001,Female,Age65_69,[65-69],104,92.85714286,,1063.612191
EU,Europe,LUX,Luxembourg,2001,Female,Age70_74,[70-74],172,91.4893617,,1757.612916
EU,Europe,LUX,Luxembourg,2002,All,Age55_59,[55-59],147,84,,624.468989
EU,Europe,LUX,Luxembourg,2002,All,Age60_64,[60-64],184,91.08910891,,892.597264
EU,Europe,LUX,Luxembourg,2002,All,Age65_69,[65-69],247,87.90035587,,1346.269145
EU,Europe,LUX,Luxembourg,2002,All,Age70_74,[70-74],422,87.91666667,,2372.252516
EU,Europe,LUX,Luxembourg,2002,Male,Age55_59,[55-59],97,80.16528926,,806.1165129
EU,Europe,LUX,Luxembourg,2002,Male,Age60_64,[60-64],118,90.07633588,,1177.527193
EU,Europe,LUX,Luxembourg,2002,Male,Age65_69,[65-69],169,87.11340206,,1954.209066
EU,Europe,LUX,Luxembourg,2002,Male,Age70_74,[70-74],250,88.65248227,,3116.429818
EU,Europe,LUX,Luxembourg,2002,Female,Age55_59,[55-59],50,92.59259259,,434.5181194
EU,Europe,LUX,Luxembourg,2002,Female,Age60_64,[60-64],66,92.95774648,,623.0529595
EU,Europe,LUX,Luxembourg,2002,Female,Age65_69,[65-69],78,89.65517241,,804.2066192
EU,Europe,LUX,Luxembourg,2002,Female,Age70_74,[70-74],172,86.86868687,,1761.032047
EU,Europe,LUX,Luxembourg,2003,All,Age55_59,[55-59],134,85.8974359,,549.630845
EU,Europe,LUX,Luxembourg,2003,All,Age60_64,[60-64],186,85.32110092,,891.3168488
EU,Europe,LUX,Luxembourg,2003,All,Age65_69,[65-69],275,87.3015873,,1491.24234
EU,Europe,LUX,Luxembourg,2003,All,Age70_74,[70-74],455,91.54929577,,2581.120944
EU,Europe,LUX,Luxembourg,2003,Male,Age55_59,[55-59],100,87.71929825,,800.1920461
EU,Europe,LUX,Luxembourg,2003,Male,Age60_64,[60-64],114,85.07462687,,1117.427955
EU,Europe,LUX,Luxembourg,2003,Male,Age65_69,[65-69],168,86.59793814,,1931.700586
EU,Europe,LUX,Luxembourg,2003,Male,Age70_74,[70-74],272,92.5170068,,3426.124197
EU,Europe,LUX,Luxembourg,2003,Female,Age55_59,[55-59],34,80.95238095,,286.1230329
EU,Europe,LUX,Luxembourg,2003,Female,Age60_64,[60-64],72,85.71428571,,675.0421901
EU,Europe,LUX,Luxembourg,2003,Female,Age65_69,[65-69],107,88.42975207,,1098.111659
EU,Europe,LUX,Luxembourg,2003,Female,Age70_74,[70-74],183,90.14778325,,1888.739808
EU,Europe,LUX,Luxembourg,2004,All,Age55_59,[55-59],121,90.97744361,,476.2467037
EU,Europe,LUX,Luxembourg,2004,All,Age60_64,[60-64],172,90.05235602,,821.4729201
EU,Europe,LUX,Luxembourg,2004,All,Age65_69,[65-69],209,90.86956522,,1115.082964
EU,Europe,LUX,Luxembourg,2004,All,Age70_74,[70-74],352,91.66666667,,2024.035421
EU,Europe,LUX,Luxembourg,2004,Male,Age55_59,[55-59],74,89.15662651,,567.0498084
EU,Europe,LUX,Luxembourg,2004,Male,Age60_64,[60-64],116,89.23076923,,1122.291022
EU,Europe,LUX,Luxembourg,2004,Male,Age65_69,[65-69],129,91.4893617,,1460.101868
EU,Europe,LUX,Luxembourg,2004,Male,Age70_74,[70-74],216,92.70386266,,2758.973049
EU,Europe,LUX,Luxembourg,2004,Female,Age55_59,[55-59],47,94,,380.3512179
EU,Europe,LUX,Luxembourg,2004,Female,Age60_64,[60-64],56,91.80327869,,528.202226
EU,Europe,LUX,Luxembourg,2004,Female,Age65_69,[65-69],80,89.88764045,,807.4283407
EU,Europe,LUX,Luxembourg,2004,Female,Age70_74,[70-74],136,90.06622517,,1422.296591
EU,Europe,LUX,Luxembourg,2005,All,Age55_59,[55-59],121,81.20805369,,456.4143186
EU,Europe,LUX,Luxembourg,2005,All,Age60_64,[60-64],182,89.65517241,,865.8832485
EU,Europe,LUX,Luxembourg,2005,All,Age65_69,[65-69],219,87.6,,1149.485618
EU,Europe,LUX,Luxembourg,2005,All,Age70_74,[70-74],363,90.07444169,,2128.782548
EU,Europe,LUX,Luxembourg,2005,Male,Age55_59,[55-59],75,78.125,,551.1058858
EU,Europe,LUX,Luxembourg,2005,Male,Age60_64,[60-64],124,88.57142857,,1186.602871
EU,Europe,LUX,Luxembourg,2005,Male,Age65_69,[65-69],142,87.65432099,,1574.453931
EU,Europe,LUX,Luxembourg,2005,Male,Age70_74,[70-74],219,88.30645161,,2851.191251
EU,Europe,LUX,Luxembourg,2005,Female,Age55_59,[55-59],46,86.79245283,,356.5338707
EU,Europe,LUX,Luxembourg,2005,Female,Age60_64,[60-64],58,92.06349206,,548.7747185
EU,Europe,LUX,Luxembourg,2005,Female,Age65_69,[65-69],77,87.5,,767.4673577
EU,Europe,LUX,Luxembourg,2005,Female,Age70_74,[70-74],144,92.90322581,,1536.65564
EU,Europe,LUX,Luxembourg,2006,All,Age55_59,[55-59],148,90.24390244,,542.8005575
EU,Europe,LUX,Luxembourg,2006,All,Age60_64,[60-64],187,86.17511521,,867.829961
EU,Europe,LUX,Luxembourg,2006,All,Age65_69,[65-69],234,91.40625,,1224.105461
EU,Europe,LUX,Luxembourg,2006,All,Age70_74,[70-74],322,87.73841962,,1919.751982
EU,Europe,LUX,Luxembourg,2006,Male,Age55_59,[55-59],107,90.6779661,,764.0674093
EU,Europe,LUX,Luxembourg,2006,Male,Age60_64,[60-64],118,86.13138686,,1093.807935
EU,Europe,LUX,Luxembourg,2006,Male,Age65_69,[65-69],153,92.1686747,,1690.607735
EU,Europe,LUX,Luxembourg,2006,Male,Age70_74,[70-74],194,86.9955157,,2562.070787
EU,Europe,LUX,Luxembourg,2006,Female,Age55_59,[55-59],41,89.13043478,,309.1539738
EU,Europe,LUX,Luxembourg,2006,Female,Age60_64,[60-64],69,86.25,,641.2639405
EU,Europe,LUX,Luxembourg,2006,Female,Age65_69,[65-69],81,90,,804.6890523
EU,Europe,LUX,Luxembourg,2006,Female,Age70_74,[70-74],128,88.88888889,,1391.153136
EU,Europe,LUX,Luxembourg,2007,All,Age55_59,[55-59],134,86.4516129,,482.0837531
EU,Europe,LUX,Luxembourg,2007,All,Age60_64,[60-64],186,91.62561576,,832.1030734
EU,Europe,LUX,Luxembourg,2007,All,Age65_69,[65-69],255,90.10600707,,1329.094131
EU,Europe,LUX,Luxembourg,2007,All,Age70_74,[70-74],334,88.82978723,,2000.119768
EU,Europe,LUX,Luxembourg,2007,Male,Age55_59,[55-59],81,86.17021277,,567.2666153
EU,Europe,LUX,Luxembourg,2007,Male,Age60_64,[60-64],107,89.16666667,,950.9420548
EU,Europe,LUX,Luxembourg,2007,Male,Age65_69,[65-69],143,89.93710692,,1576.452431
EU,Europe,LUX,Luxembourg,2007,Male,Age70_74,[70-74],212,90.5982906,,2790.20795
EU,Europe,LUX,Luxembourg,2007,Female,Age55_59,[55-59],53,86.8852459,,392.0988385
EU,Europe,LUX,Luxembourg,2007,Female,Age60_64,[60-64],79,95.18072289,,711.6475993
EU,Europe,LUX,Luxembourg,2007,Female,Age65_69,[65-69],112,90.32258065,,1107.266436
EU,Europe,LUX,Luxembourg,2007,Female,Age70_74,[70-74],122,85.91549296,,1340.512032
EU,Europe,LUX,Luxembourg,2008,All,Age55_59,[55-59],132,87.41721854,,464.6087783
EU,Europe,LUX,Luxembourg,2008,All,Age60_64,[60-64],157,87.22222222,,674.8334408
EU,Europe,LUX,Luxembourg,2008,All,Age65_69,[65-69],222,89.15662651,,1144.388886
EU,Europe,LUX,Luxembourg,2008,All,Age70_74,[70-74],294,89.90825688,,1745.84323
EU,Europe,LUX,Luxembourg,2008,Male,Age55_59,[55-59],76,89.41176471,,522.5881868
EU,Europe,LUX,Luxembourg,2008,Male,Age60_64,[60-64],106,89.83050847,,900.5182228
EU,Europe,LUX,Luxembourg,2008,Male,Age65_69,[65-69],139,89.1025641,,1506.285219
EU,Europe,LUX,Luxembourg,2008,Male,Age70_74,[70-74],177,88.5,,2305.888484
EU,Europe,LUX,Luxembourg,2008,Female,Age55_59,[55-59],56,84.84848485,,403.8073262
EU,Europe,LUX,Luxembourg,2008,Female,Age60_64,[60-64],51,82.25806452,,443.7097616
EU,Europe,LUX,Luxembourg,2008,Female,Age65_69,[65-69],83,89.24731183,,816.0456199
EU,Europe,LUX,Luxembourg,2008,Female,Age70_74,[70-74],117,92.12598425,,1276.73505
EU,Europe,LUX,Luxembourg,2009,All,Age55_59,[55-59],130,87.83783784,,445.4037757
EU,Europe,LUX,Luxembourg,2009,All,Age60_64,[60-64],164,89.13043478,,675.592173
EU,Europe,LUX,Luxembourg,2009,All,Age65_69,[65-69],222,92.5,,1137.469898
EU,Europe,LUX,Luxembourg,2009,All,Age70_74,[70-74],302,87.53623188,,1760.419703
EU,Europe,LUX,Luxembourg,2009,Male,Age55_59,[55-59],84,85.71428571,,564.7438483
EU,Europe,LUX,Luxembourg,2009,Male,Age60_64,[60-64],103,88.79310345,,836.4463213
EU,Europe,LUX,Luxembourg,2009,Male,Age65_69,[65-69],135,90.60402685,,1435.406699
EU,Europe,LUX,Luxembourg,2009,Male,Age70_74,[70-74],180,86.95652174,,2300.319489
EU,Europe,LUX,Luxembourg,2009,Female,Age55_59,[55-59],46,92,,321.3861525
EU,Europe,LUX,Luxembourg,2009,Female,Age60_64,[60-64],61,89.70588235,,509.9908034
EU,Europe,LUX,Luxembourg,2009,Female,Age65_69,[65-69],87,95.6043956,,860.3639241
EU,Europe,LUX,Luxembourg,2009,Female,Age70_74,[70-74],122,88.4057971,,1307.609861
EU,Europe,LUX,Luxembourg,2010,All,Age55_59,[55-59],128,81.01265823,,424.8398553
EU,Europe,LUX,Luxembourg,2010,All,Age60_64,[60-64],180,90.45226131,,709.4994088
EU,Europe,LUX,Luxembourg,2010,All,Age65_69,[65-69],209,90.0862069,,1064.80538
EU,Europe,LUX,Luxembourg,2010,All,Age70_74,[70-74],298,88.95522388,,1709.30366
EU,Europe,LUX,Luxembourg,2010,Male,Age55_59,[55-59],79,80.6122449,,514.8256761
EU,Europe,LUX,Luxembourg,2010,Male,Age60_64,[60-64],121,93.07692308,,941.560968
EU,Europe,LUX,Luxembourg,2010,Male,Age65_69,[65-69],132,88.59060403,,1383.212826
EU,Europe,LUX,Luxembourg,2010,Male,Age70_74,[70-74],191,88.8372093,,2391.386002
EU,Europe,LUX,Luxembourg,2010,Female,Age55_59,[55-59],49,81.66666667,,331.4393939
EU,Europe,LUX,Luxembourg,2010,Female,Age60_64,[60-64],59,85.50724638,,471.2836489
EU,Europe,LUX,Luxembourg,2010,Female,Age65_69,[65-69],77,92.77108434,,763.5101636
EU,Europe,LUX,Luxembourg,2010,Female,Age70_74,[70-74],107,89.16666667,,1132.634699
EU,Europe,LUX,Luxembourg,2011,All,Age55_59,[55-59],137,90.72847682,,439.4687881
EU,Europe,LUX,Luxembourg,2011,All,Age60_64,[60-64],194,87.78280543,,741.873805
EU,Europe,LUX,Luxembourg,2011,All,Age65_69,[65-69],227,92.65306122,,1124.876115
EU,Europe,LUX,Luxembourg,2011,All,Age70_74,[70-74],313,88.66855524,,1780.736189
EU,Europe,LUX,Luxembourg,2011,Male,Age55_59,[55-59],88,89.79591837,,555.029959
EU,Europe,LUX,Luxembourg,2011,Male,Age60_64,[60-64],116,87.21804511,,875.6038647
EU,Europe,LUX,Luxembourg,2011,Male,Age65_69,[65-69],145,94.15584416,,1464.054927
EU,Europe,LUX,Luxembourg,2011,Male,Age70_74,[70-74],192,88.88888889,,2384.79692
EU,Europe,LUX,Luxembourg,2011,Female,Age55_59,[55-59],49,92.45283019,,319.8642209
EU,Europe,LUX,Luxembourg,2011,Female,Age60_64,[60-64],78,88.63636364,,604.557433
EU,Europe,LUX,Luxembourg,2011,Female,Age65_69,[65-69],82,90.10989011,,797.9758661
EU,Europe,LUX,Luxembourg,2011,Female,Age70_74,[70-74],121,88.32116788,,1270.207852
EU,Europe,LUX,Luxembourg,2012,All,Age55_59,[55-59],143,86.14457831,,442.7381653
EU,Europe,LUX,Luxembourg,2012,All,Age60_64,[60-64],170,90.90909091,,636.5610724
EU,Europe,LUX,Luxembourg,2012,All,Age65_69,[65-69],249,90.2173913,,1183.347591
EU,Europe,LUX,Luxembourg,2012,All,Age70_74,[70-74],275,87.3015873,,1547.552054
EU,Europe,LUX,Luxembourg,2012,Male,Age55_59,[55-59],100,86.95652174,,609.2731372
EU,Europe,LUX,Luxembourg,2012,Male,Age60_64,[60-64],107,90.6779661,,790.4846336
EU,Europe,LUX,Luxembourg,2012,Male,Age65_69,[65-69],159,88.82681564,,1526.937482
EU,Europe,LUX,Luxembourg,2012,Male,Age70_74,[70-74],163,85.78947368,,2001.473477
EU,Europe,LUX,Luxembourg,2012,Female,Age55_59,[55-59],43,84.31372549,,270.6785849
EU,Europe,LUX,Luxembourg,2012,Female,Age60_64,[60-64],63,91.30434783,,478.3599089
EU,Europe,LUX,Luxembourg,2012,Female,Age65_69,[65-69],90,92.78350515,,846.7400508
EU,Europe,LUX,Luxembourg,2012,Female,Age70_74,[70-74],112,89.6,,1163.515479
EU,Europe,LUX,Luxembourg,2013,All,Age55_59,[55-59],137,83.53658537,,409.126202
EU,Europe,LUX,Luxembourg,2013,All,Age60_64,[60-64],178,85.99033816,,647.3198051
EU,Europe,LUX,Luxembourg,2013,All,Age65_69,[65-69],210,88.60759494,,956.6762334
EU,Europe,LUX,Luxembourg,2013,All,Age70_74,[70-74],283,85.75757576,,1562.845151
EU,Europe,LUX,Luxembourg,2013,Male,Age55_59,[55-59],87,82.85714286,,509.7258027
EU,Europe,LUX,Luxembourg,2013,Male,Age60_64,[60-64],115,85.82089552,,824.5500825
EU,Europe,LUX,Luxembourg,2013,Male,Age65_69,[65-69],128,89.51048951,,1174.850849
EU,Europe,LUX,Luxembourg,2013,Male,Age70_74,[70-74],172,86,,2052.261067
EU,Europe,LUX,Luxembourg,2013,Female,Age55_59,[55-59],50,84.74576271,,304.5437934
EU,Europe,LUX,Luxembourg,2013,Female,Age60_64,[60-64],63,86.30136986,,464.9103387
EU,Europe,LUX,Luxembourg,2013,Female,Age65_69,[65-69],82,87.23404255,,741.6787265
EU,Europe,LUX,Luxembourg,2013,Female,Age70_74,[70-74],111,85.38461538,,1141.15349
EU,Europe,LUX,Luxembourg,2014,All,Age55_59,[55-59],129,86,,371.2230216
EU,Europe,LUX,Luxembourg,2014,All,Age60_64,[60-64],185,89.37198068,,651.1104072
EU,Europe,LUX,Luxembourg,2014,All,Age65_69,[65-69],230,90.90909091,,998.6973513
EU,Europe,LUX,Luxembourg,2014,All,Age70_74,[70-74],309,90.61583578,,1682.823222
EU,Europe,LUX,Luxembourg,2014,Male,Age55_59,[55-59],85,85.85858586,,477.1528012
EU,Europe,LUX,Luxembourg,2014,Male,Age60_64,[60-64],125,89.92805755,,868.5380767
EU,Europe,LUX,Luxembourg,2014,Male,Age65_69,[65-69],145,92.3566879,,1263.836834
EU,Europe,LUX,Luxembourg,2014,Male,Age70_74,[70-74],198,92.52336449,,2298.050139
EU,Europe,LUX,Luxembourg,2014,Female,Age55_59,[55-59],44,86.2745098,,259.8016061
EU,Europe,LUX,Luxembourg,2014,Female,Age60_64,[60-64],60,88.23529412,,427.9295343
EU,Europe,LUX,Luxembourg,2014,Female,Age65_69,[65-69],85,88.54166667,,735.4849875
EU,Europe,LUX,Luxembourg,2014,Female,Age70_74,[70-74],111,87.4015748,,1138.928791
EU,Europe,LUX,Luxembourg,2015,All,Age55_59,[55-59],118,83.68794326,,326.480923
EU,Europe,LUX,Luxembourg,2015,All,Age60_64,[60-64],171,86.36363636,,582.3655621
EU,Europe,LUX,Luxembourg,2015,All,Age65_69,[65-69],236,88.05970149,,975.7711073
EU,Europe,LUX,Luxembourg,2015,All,Age70_74,[70-74],297,88.39285714,,1604.451407
EU,Europe,LUX,Luxembourg,2015,Male,Age55_59,[55-59],76,82.60869565,,408.1413458
EU,Europe,LUX,Luxembourg,2015,Male,Age60_64,[60-64],102,83.60655738,,686.6837216
EU,Europe,LUX,Luxembourg,2015,Male,Age65_69,[65-69],139,87.42138365,,1151.329413
EU,Europe,LUX,Luxembourg,2015,Male,Age70_74,[70-74],174,89.23076923,,1982.454142
EU,Europe,LUX,Luxembourg,2015,Female,Age55_59,[55-59],42,85.71428571,,239.6986645
EU,Europe,LUX,Luxembourg,2015,Female,Age60_64,[60-64],69,90.78947368,,475.5668895
EU,Europe,LUX,Luxembourg,2015,Female,Age65_69,[65-69],97,88.99082569,,800.7925369
EU,Europe,LUX,Luxembourg,2015,Female,Age70_74,[70-74],123,87.23404255,,1263.612081
EU,Europe,LUX,Luxembourg,2016,All,Age55_59,[55-59],150,88.23529412,,398.2371369
EU,Europe,LUX,Luxembourg,2016,All,Age60_64,[60-64],188,90.82125604,,614.2285388
EU,Europe,LUX,Luxembourg,2016,All,Age65_69,[65-69],247,88.21428571,,981.4829532
EU,Europe,LUX,Luxembourg,2016,All,Age70_74,[70-74],301,91.4893617,,1578.767932
EU,Europe,LUX,Luxembourg,2016,Male,Age55_59,[55-59],100,86.95652174,,514.8932884
EU,Europe,LUX,Luxembourg,2016,Male,Age60_64,[60-64],122,89.05109489,,790.8981881
EU,Europe,LUX,Luxembourg,2016,Male,Age65_69,[65-69],155,86.11111111,,1232.506361
EU,Europe,LUX,Luxembourg,2016,Male,Age70_74,[70-74],180,92.78350515,,1963.672067
EU,Europe,LUX,Luxembourg,2016,Female,Age55_59,[55-59],50,90.90909091,,274.0551947
EU,Europe,LUX,Luxembourg,2016,Female,Age60_64,[60-64],66,94.28571429,,434.7253326
EU,Europe,LUX,Luxembourg,2016,Female,Age65_69,[65-69],92,92,,730.7386815
EU,Europe,LUX,Luxembourg,2016,Female,Age70_74,[70-74],121,89.62962963,,1222.345692
EU,Europe,LUX,Luxembourg,2017,All,Age55_59,[55-59],103,78.6259542,,263.5956494
EU,Europe,LUX,Luxembourg,2017,All,Age60_64,[60-64],189,89.57345972,,593.0155941
EU,Europe,LUX,Luxembourg,2017,All,Age65_69,[65-69],306,90.53254438,,1183.340423
EU,Europe,LUX,Luxembourg,2017,All,Age70_74,[70-74],367,93.14720812,,1846.355084
EU,Europe,LUX,Luxembourg,2017,Male,Age55_59,[55-59],59,73.75,,292.6151862
EU,Europe,LUX,Luxembourg,2017,Male,Age60_64,[60-64],116,85.92592593,,723.9593085
EU,Europe,LUX,Luxembourg,2017,Male,Age65_69,[65-69],198,90,,1532.745007
EU,Europe,LUX,Luxembourg,2017,Male,Age70_74,[70-74],221,92.08333333,,2287.784679
EU,Europe,LUX,Luxembourg,2017,Female,Age55_59,[55-59],44,86.2745098,,232.6565144
EU,Europe,LUX,Luxembourg,2017,Female,Age60_64,[60-64],73,96.05263158,,460.6259465
EU,Europe,LUX,Luxembourg,2017,Female,Age65_69,[65-69],108,91.52542373,,834.5568349
EU,Europe,LUX,Luxembourg,2017,Female,Age70_74,[70-74],146,94.80519481,,1428.990898
EU,Europe,LUX,Luxembourg,2018,All,Age55_59,[55-59],145,96.02649007,,358.6268302
EU,Europe,LUX,Luxembourg,2018,All,Age60_64,[60-64],167,77.6744186,,507.899819
EU,Europe,LUX,Luxembourg,2018,All,Age65_69,[65-69],213,82.55813953,,805.9176299
EU,Europe,LUX,Luxembourg,2018,All,Age70_74,[70-74],290,81.232493,,1404.290349
EU,Europe,LUX,Luxembourg,2018,Male,Age55_59,[55-59],0,,,0
EU,Europe,LUX,Luxembourg,2018,Male,Age60_64,[60-64],31,88.57142857,,186.7301148
EU,Europe,LUX,Luxembourg,2018,Male,Age65_69,[65-69],121,82.31292517,,919.837318
EU,Europe,LUX,Luxembourg,2018,Male,Age70_74,[70-74],17,85,,168.9189189
EU,Europe,LUX,Luxembourg,2018,Female,Age55_59,[55-59],145,96.02649007,,742.0865426
EU,Europe,LUX,Luxembourg,2018,Female,Age60_64,[60-64],136,75.55555556,,835.4321519
EU,Europe,LUX,Luxembourg,2018,Female,Age65_69,[65-69],92,82.88288288,,693.0320151
EU,Europe,LUX,Luxembourg,2018,Female,Age70_74,[70-74],273,81.00890208,,2578.634174
EU,Europe,LUX,Luxembourg,2019,All,Age55_59,[55-59],141,87.03703704,,337.0021152
EU,Europe,LUX,Luxembourg,2019,All,Age60_64,[60-64],201,85.8974359,,591.9948164
EU,Europe,LUX,Luxembourg,2019,All,Age65_69,[65-69],232,87.21804511,,855.7412121
EU,Europe,LUX,Luxembourg,2019,All,Age70_74,[70-74],296,89.42598187,,1372.467195
EU,Europe,LUX,Luxembourg,2019,Male,Age55_59,[55-59],94,89.52380952,,434.0999354
EU,Europe,LUX,Luxembourg,2019,Male,Age60_64,[60-64],136,87.17948718,,790.513834
EU,Europe,LUX,Luxembourg,2019,Male,Age65_69,[65-69],150,85.71428571,,1116.445238
EU,Europe,LUX,Luxembourg,2019,Male,Age70_74,[70-74],172,88.20512821,,1632.730552
EU,Europe,LUX,Luxembourg,2019,Female,Age55_59,[55-59],47,82.45614035,,232.8404052
EU,Europe,LUX,Luxembourg,2019,Female,Age60_64,[60-64],65,83.33333333,,388.0828706
EU,Europe,LUX,Luxembourg,2019,Female,Age65_69,[65-69],82,90.10989011,,599.6124456
EU,Europe,LUX,Luxembourg,2019,Female,Age70_74,[70-74],124,91.17647059,,1123.95196
